{"cameraMode":{"drawMode":0,"name":"Shaded","section":"Shading Mode"},"sceneLighting":true,"audioPlay":false,"sceneViewState":{"showFog":true,"showMaterialUpdate":false,"showSkybox":true,"showFlares":true,"showImageEffects":true,"showParticleSystems":true},"in2DMode":false,"pivot":{"x":-2.9622790813446047,"y":0.08560671657323837,"z":2.6879727840423586},"rotation":{"x":0.2305149883031845,"y":-0.24189531803131104,"z":0.059282608330249789,"w":0.9407095909118652},"size":17.261056900024415,"orthographic":false}