{"cameraMode":{"drawMode":0,"name":"Shaded","section":"Shading Mode"},"sceneLighting":true,"audioPlay":false,"sceneViewState":{"showFog":true,"showMaterialUpdate":false,"showSkybox":true,"showFlares":true,"showImageEffects":true,"showParticleSystems":true},"in2DMode":false,"pivot":{"x":-4.318768501281738,"y":4.200917720794678,"z":-1.3262380361557007},"rotation":{"x":0.18705737590789796,"y":-0.5887690186500549,"z":0.14240092039108277,"w":0.7733765840530396},"size":17.261056900024415,"orthographic":false}